date,series,value
2022-02-01,CPIAUCSL,278.7754
2022-03-01,CPIAUCSL,278.9872
2022-04-01,CPIAUCSL,280.4186
2022-05-01,CPIAUCSL,280.8456
2022-06-01,CPIAUCSL,279.734
2022-07-01,CPIAUCSL,280.2605
2022-08-01,CPIAUCSL,281.2951
2022-09-01,CPIAUCSL,281.6271
2022-10-01,CPIAUCSL,281.9882
2022-11-01,CPIAUCSL,282.1865
2022-12-01,CPIAUCSL,283.345
2023-01-01,CPIAUCSL,283.2052
2023-02-01,CPIAUCSL,284.2968
2023-03-01,CPIAUCSL,284.6557
2023-04-01,CPIAUCSL,286.3835
2023-05-01,CPIAUCSL,286.5467
2023-06-01,CPIAUCSL,286.1471
2023-07-01,CPIAUCSL,287.304
2023-08-01,CPIAUCSL,288.3475
2023-09-01,CPIAUCSL,289.3182
2023-10-01,CPIAUCSL,290.68
2023-11-01,CPIAUCSL,290.3784
2023-12-01,CPIAUCSL,290.2688
2024-01-01,CPIAUCSL,292.0565
2024-02-01,CPIAUCSL,293.0485
2024-03-01,CPIAUCSL,293.2384
2024-04-01,CPIAUCSL,292.2512
2024-05-01,CPIAUCSL,291.7313
2024-06-01,CPIAUCSL,291.4696
2024-07-01,CPIAUCSL,291.5645
2024-08-01,CPIAUCSL,292.4395
2024-09-01,CPIAUCSL,
2024-10-01,CPIAUCSL,291.9352
2024-11-01,CPIAUCSL,291.3981
2024-12-01,CPIAUCSL,291.6188
2025-01-01,CPIAUCSL,294.365
2025-02-01,CPIAUCSL,296.0354
2025-03-01,CPIAUCSL,297.1516
2025-04-01,CPIAUCSL,297.2815
2025-05-01,CPIAUCSL,296.9123
2025-06-01,CPIAUCSL,297.4343
2025-07-01,CPIAUCSL,296.6362
2025-08-01,CPIAUCSL,297.8195
2025-09-01,CPIAUCSL,298.2411
2025-10-01,CPIAUCSL,298.8163
2025-11-01,CPIAUCSL,297.9185
2025-12-01,CPIAUCSL,298.5634
2026-01-01,CPIAUCSL,298.9482
2026-02-01,CPIAUCSL,298.6872
2026-03-01,CPIAUCSL,299.4892
2026-04-01,CPIAUCSL,299.7306
2026-05-01,CPIAUCSL,300.5958
2026-06-01,CPIAUCSL,301.7523
2026-07-01,CPIAUCSL,301.3759
2026-08-01,CPIAUCSL,302.0723
2022-02-01,FEDFUNDS,0.6019
2022-03-01,FEDFUNDS,0.8598
2022-04-01,FEDFUNDS,1.0633
2022-05-01,FEDFUNDS,1.1063
2022-06-01,FEDFUNDS,1.1388
2022-07-01,FEDFUNDS,1.249
2022-08-01,FEDFUNDS,1.1873
2022-09-01,FEDFUNDS,1.1459
2022-10-01,FEDFUNDS,1.1727
2022-11-01,FEDFUNDS,0.9412
2022-12-01,FEDFUNDS,0.8976
2023-01-01,FEDFUNDS,0.9428
2023-02-01,FEDFUNDS,1.4048
2023-03-01,FEDFUNDS,1.4079
2023-04-01,FEDFUNDS,1.587
2023-05-01,FEDFUNDS,1.6502
2023-06-01,FEDFUNDS,1.7996
2023-07-01,FEDFUNDS,1.7435
2023-08-01,FEDFUNDS,1.6248
2023-09-01,FEDFUNDS,1.9008
2023-10-01,FEDFUNDS,1.8112
2023-11-01,FEDFUNDS,2.1015
2023-12-01,FEDFUNDS,2.1414
2024-01-01,FEDFUNDS,2.1198
2024-02-01,FEDFUNDS,2.1401
2024-03-01,FEDFUNDS,2.4464
2024-04-01,FEDFUNDS,2.4421
2024-05-01,FEDFUNDS,2.4805
2024-06-01,FEDFUNDS,2.7021
2024-07-01,FEDFUNDS,2.8561
2024-08-01,FEDFUNDS,3.2265
2024-09-01,FEDFUNDS,
2024-10-01,FEDFUNDS,3.4699
2024-11-01,FEDFUNDS,3.7357
2024-12-01,FEDFUNDS,3.5662
2025-01-01,FEDFUNDS,3.7602
2025-02-01,FEDFUNDS,3.7618
2025-03-01,FEDFUNDS,3.9322
2025-04-01,FEDFUNDS,4.2873
2025-05-01,FEDFUNDS,4.1518
2025-06-01,FEDFUNDS,4.3664
2025-07-01,FEDFUNDS,4.5698
2025-08-01,FEDFUNDS,4.7489
2025-09-01,FEDFUNDS,4.7066
2025-10-01,FEDFUNDS,4.7845
2025-11-01,FEDFUNDS,4.7445
2025-12-01,FEDFUNDS,4.8926
2026-01-01,FEDFUNDS,4.8065
2026-02-01,FEDFUNDS,4.8375
2026-03-01,FEDFUNDS,5.0125
2026-04-01,FEDFUNDS,5.0036
2026-05-01,FEDFUNDS,5.0401
2026-06-01,FEDFUNDS,5.0077
2026-07-01,FEDFUNDS,5.1324
2026-08-01,FEDFUNDS,5.2038
2022-02-01,GS10,1.7951
2022-03-01,GS10,1.7978
2022-04-01,GS10,1.8596
2022-05-01,GS10,1.8302
2022-06-01,GS10,1.8769
2022-07-01,GS10,1.9294
2022-08-01,GS10,1.9911
2022-09-01,GS10,2.0013
2022-10-01,GS10,2.0967
2022-11-01,GS10,2.2188
2022-12-01,GS10,2.3174
2023-01-01,GS10,2.3831
2023-02-01,GS10,2.3262
2023-03-01,GS10,2.5018
2023-04-01,GS10,2.5562
2023-05-01,GS10,2.6296
2023-06-01,GS10,2.6267
2023-07-01,GS10,2.6606
2023-08-01,GS10,2.7991
2023-09-01,GS10,2.9078
2023-10-01,GS10,2.9344
2023-11-01,GS10,3.099
2023-12-01,GS10,3.0733
2024-01-01,GS10,2.9972
2024-02-01,GS10,2.9026
2024-03-01,GS10,3.0122
2024-04-01,GS10,3.01
2024-05-01,GS10,3.0494
2024-06-01,GS10,3.1815
2024-07-01,GS10,3.2562
2024-08-01,GS10,3.2172
2024-09-01,GS10,
2024-10-01,GS10,3.4172
2024-11-01,GS10,3.4625
2024-12-01,GS10,3.459
2025-01-01,GS10,3.4254
2025-02-01,GS10,3.4926
2025-03-01,GS10,3.4345
2025-04-01,GS10,3.4783
2025-05-01,GS10,3.6472
2025-06-01,GS10,3.7535
2025-07-01,GS10,3.8188
2025-08-01,GS10,3.7864
2025-09-01,GS10,3.8318
2025-10-01,GS10,3.8221
2025-11-01,GS10,3.9803
2025-12-01,GS10,3.9948
2026-01-01,GS10,3.9858
2026-02-01,GS10,4.0195
2026-03-01,GS10,4.0109
2026-04-01,GS10,4.0785
2026-05-01,GS10,4.2651
2026-06-01,GS10,4.3157
2026-07-01,GS10,4.2965
2026-08-01,GS10,4.3346
2022-02-01,UNRATE,3.9456
2022-03-01,UNRATE,4.2642
2022-04-01,UNRATE,4.4863
2022-05-01,UNRATE,4.6585
2022-06-01,UNRATE,4.7862
2022-07-01,UNRATE,4.8313
2022-08-01,UNRATE,4.8784
2022-09-01,UNRATE,4.9185
2022-10-01,UNRATE,5.1925
2022-11-01,UNRATE,5.2352
2022-12-01,UNRATE,5.2444
2023-01-01,UNRATE,5.295
2023-02-01,UNRATE,5.4015
2023-03-01,UNRATE,5.1481
2023-04-01,UNRATE,5.2435
2023-05-01,UNRATE,5.0747
2023-06-01,UNRATE,5.2672
2023-07-01,UNRATE,5.172
2023-08-01,UNRATE,5.1597
2023-09-01,UNRATE,5.0472
2023-10-01,UNRATE,5.2692
2023-11-01,UNRATE,5.3281
2023-12-01,UNRATE,5.5885
2024-01-01,UNRATE,5.8274
2024-02-01,UNRATE,5.9999
2024-03-01,UNRATE,5.9337
2024-04-01,UNRATE,6.0086
2024-05-01,UNRATE,6.1916
2024-06-01,UNRATE,6.2866
2024-07-01,UNRATE,6.3133
2024-08-01,UNRATE,6.4049
2024-09-01,UNRATE,
2024-10-01,UNRATE,6.4323
2024-11-01,UNRATE,6.4412
2024-12-01,UNRATE,6.56
2025-01-01,UNRATE,6.6987
2025-02-01,UNRATE,6.7806
2025-03-01,UNRATE,6.8039
2025-04-01,UNRATE,6.8466
2025-05-01,UNRATE,6.8388
2025-06-01,UNRATE,6.8894
2025-07-01,UNRATE,7.0259
2025-08-01,UNRATE,7.3044
2025-09-01,UNRATE,7.256
2025-10-01,UNRATE,7.4301
2025-11-01,UNRATE,7.5245
2025-12-01,UNRATE,7.4404
2026-01-01,UNRATE,7.4916
2026-02-01,UNRATE,7.5352
2026-03-01,UNRATE,7.5951
2026-04-01,UNRATE,7.7494
2026-05-01,UNRATE,7.9871
2026-06-01,UNRATE,8.1637
2026-07-01,UNRATE,8.2428
2026-08-01,UNRATE,8.332
2022-01-03,VIXCLS,22.1184
2022-01-04,VIXCLS,21.5304
2022-01-05,VIXCLS,24.3935
2022-01-06,VIXCLS,23.6726
2022-01-07,VIXCLS,22.3844
2022-01-10,VIXCLS,24.3311
2022-01-11,VIXCLS,22.8447
2022-01-12,VIXCLS,23.2554
2022-01-13,VIXCLS,26.3168
2022-01-14,VIXCLS,25.946
2022-01-17,VIXCLS,29.6412
2022-01-18,VIXCLS,27.2548
2022-01-19,VIXCLS,29.8213
2022-01-20,VIXCLS,28.7451
2022-01-21,VIXCLS,29.4536
2022-01-24,VIXCLS,30.7772
2022-01-25,VIXCLS,31.3537
2022-01-26,VIXCLS,31.9679
2022-01-27,VIXCLS,30.7917
2022-01-28,VIXCLS,33.9141
2022-01-31,VIXCLS,33.0694
2022-02-01,VIXCLS,32.2234
2022-02-02,VIXCLS,33.0775
2022-02-03,VIXCLS,33.0323
2022-02-04,VIXCLS,35.2901
2022-02-07,VIXCLS,35.4898
2022-02-08,VIXCLS,36.488
2022-02-09,VIXCLS,37.6598
2022-02-10,VIXCLS,40.1205
2022-02-11,VIXCLS,40.3289
2022-02-14,VIXCLS,38.8212
2022-02-15,VIXCLS,38.6068
2022-02-16,VIXCLS,41.3128
2022-02-17,VIXCLS,42.8348
2022-02-18,VIXCLS,43.2792
2022-02-21,VIXCLS,44.3709
2022-02-22,VIXCLS,44.9725
2022-02-23,VIXCLS,47.154
2022-02-24,VIXCLS,48.6602
2022-02-25,VIXCLS,49.2419
2022-02-28,VIXCLS,51.6184
2022-03-01,VIXCLS,54.3836
2022-03-02,VIXCLS,54.0046
2022-03-03,VIXCLS,53.653
2022-03-04,VIXCLS,58.2545
2022-03-07,VIXCLS,60.0
2022-03-08,VIXCLS,60.0
2022-03-09,VIXCLS,60.0
2022-03-10,VIXCLS,60.0
2022-03-11,VIXCLS,
2022-03-14,VIXCLS,60.0
2022-03-15,VIXCLS,60.0
2022-03-16,VIXCLS,60.0
2022-03-17,VIXCLS,60.0
2022-03-18,VIXCLS,60.0
2022-03-21,VIXCLS,60.0
2022-03-22,VIXCLS,60.0
2022-03-23,VIXCLS,60.0
2022-03-24,VIXCLS,60.0
2022-03-25,VIXCLS,60.0
2022-03-28,VIXCLS,60.0
2022-03-29,VIXCLS,60.0
2022-03-30,VIXCLS,60.0
2022-03-31,VIXCLS,60.0
2022-04-01,VIXCLS,60.0
2022-04-04,VIXCLS,60.0
2022-04-05,VIXCLS,60.0
2022-04-06,VIXCLS,60.0
2022-04-07,VIXCLS,60.0
2022-04-08,VIXCLS,60.0
2022-04-11,VIXCLS,60.0
2022-04-12,VIXCLS,60.0
2022-04-13,VIXCLS,60.0
2022-04-14,VIXCLS,60.0
2022-04-15,VIXCLS,60.0
2022-04-18,VIXCLS,60.0
2022-04-19,VIXCLS,60.0
2022-04-20,VIXCLS,60.0
2022-04-21,VIXCLS,
2022-04-22,VIXCLS,60.0
2022-04-25,VIXCLS,60.0
2022-04-26,VIXCLS,60.0
2022-04-27,VIXCLS,60.0
2022-04-28,VIXCLS,60.0
2022-04-29,VIXCLS,60.0
2022-05-02,VIXCLS,60.0
2022-05-03,VIXCLS,60.0
2022-05-04,VIXCLS,60.0
2022-05-05,VIXCLS,60.0
2022-05-06,VIXCLS,60.0
2022-05-09,VIXCLS,60.0
2022-05-10,VIXCLS,60.0
2022-05-11,VIXCLS,60.0
2022-05-12,VIXCLS,60.0
2022-05-13,VIXCLS,60.0
2022-05-16,VIXCLS,60.0
2022-05-17,VIXCLS,60.0
2022-05-18,VIXCLS,60.0
2022-05-19,VIXCLS,60.0
2022-05-20,VIXCLS,60.0
2022-05-23,VIXCLS,60.0
2022-05-24,VIXCLS,
2022-05-25,VIXCLS,60.0
2022-05-26,VIXCLS,60.0
2022-05-27,VIXCLS,60.0
2022-05-30,VIXCLS,60.0
2022-05-31,VIXCLS,60.0
2022-06-01,VIXCLS,60.0
2022-06-02,VIXCLS,60.0
2022-06-03,VIXCLS,
2022-06-06,VIXCLS,60.0
2022-06-07,VIXCLS,60.0
2022-06-08,VIXCLS,60.0
2022-06-09,VIXCLS,60.0
2022-06-10,VIXCLS,60.0
2022-06-13,VIXCLS,60.0
2022-06-14,VIXCLS,60.0
2022-06-15,VIXCLS,60.0
2022-06-16,VIXCLS,60.0
2022-06-17,VIXCLS,60.0
2022-06-20,VIXCLS,60.0
2022-06-21,VIXCLS,60.0
2022-06-22,VIXCLS,60.0
2022-06-23,VIXCLS,60.0
2022-06-24,VIXCLS,60.0
2022-06-27,VIXCLS,60.0
2022-06-28,VIXCLS,60.0
2022-06-29,VIXCLS,60.0
2022-06-30,VIXCLS,60.0
2022-07-01,VIXCLS,60.0
2022-07-04,VIXCLS,60.0
2022-07-05,VIXCLS,60.0
2022-07-06,VIXCLS,60.0
2022-07-07,VIXCLS,60.0
2022-07-08,VIXCLS,60.0
2022-07-11,VIXCLS,60.0
2022-07-12,VIXCLS,60.0
2022-07-13,VIXCLS,60.0
2022-07-14,VIXCLS,60.0
2022-07-15,VIXCLS,60.0
2022-07-18,VIXCLS,60.0
2022-07-19,VIXCLS,60.0
2022-07-20,VIXCLS,60.0
2022-07-21,VIXCLS,60.0
2022-07-22,VIXCLS,60.0
2022-07-25,VIXCLS,60.0
2022-07-26,VIXCLS,60.0
2022-07-27,VIXCLS,60.0
2022-07-28,VIXCLS,60.0
2022-07-29,VIXCLS,60.0
2022-08-01,VIXCLS,60.0
2022-08-02,VIXCLS,60.0
2022-08-03,VIXCLS,60.0
2022-08-04,VIXCLS,60.0
2022-08-05,VIXCLS,60.0
2022-08-08,VIXCLS,
2022-08-09,VIXCLS,60.0
2022-08-10,VIXCLS,60.0
2022-08-11,VIXCLS,60.0
2022-08-12,VIXCLS,60.0
2022-08-15,VIXCLS,60.0
2022-08-16,VIXCLS,60.0
2022-08-17,VIXCLS,60.0
2022-08-18,VIXCLS,60.0
2022-08-19,VIXCLS,60.0
2022-08-22,VIXCLS,60.0
2022-08-23,VIXCLS,60.0
2022-08-24,VIXCLS,60.0
2022-08-25,VIXCLS,60.0
2022-08-26,VIXCLS,60.0
2022-08-29,VIXCLS,60.0
2022-08-30,VIXCLS,60.0
2022-08-31,VIXCLS,60.0
2022-09-01,VIXCLS,60.0
2022-09-02,VIXCLS,60.0
2022-09-05,VIXCLS,60.0
2022-09-06,VIXCLS,60.0
2022-09-07,VIXCLS,60.0
2022-09-08,VIXCLS,60.0
2022-09-09,VIXCLS,60.0
2022-09-12,VIXCLS,60.0
2022-09-13,VIXCLS,60.0
2022-09-14,VIXCLS,60.0
2022-09-15,VIXCLS,60.0
2022-09-16,VIXCLS,60.0
2022-09-19,VIXCLS,60.0
2022-09-20,VIXCLS,60.0
2022-09-21,VIXCLS,60.0
2022-09-22,VIXCLS,60.0
2022-09-23,VIXCLS,60.0
2022-09-26,VIXCLS,60.0
2022-09-27,VIXCLS,60.0
2022-09-28,VIXCLS,60.0
2022-09-29,VIXCLS,60.0
2022-09-30,VIXCLS,60.0
2022-10-03,VIXCLS,60.0
2022-10-04,VIXCLS,60.0
2022-10-05,VIXCLS,60.0
2022-10-06,VIXCLS,60.0
2022-10-07,VIXCLS,60.0
2022-10-10,VIXCLS,60.0
2022-10-11,VIXCLS,60.0
2022-10-12,VIXCLS,60.0
2022-10-13,VIXCLS,60.0
2022-10-14,VIXCLS,60.0
2022-10-17,VIXCLS,60.0
2022-10-18,VIXCLS,60.0
2022-10-19,VIXCLS,60.0
2022-10-20,VIXCLS,
2022-10-21,VIXCLS,60.0
2022-10-24,VIXCLS,60.0
2022-10-25,VIXCLS,60.0
2022-10-26,VIXCLS,60.0
2022-10-27,VIXCLS,60.0
2022-10-28,VIXCLS,60.0
2022-10-31,VIXCLS,60.0
2022-11-01,VIXCLS,60.0
2022-11-02,VIXCLS,60.0
2022-11-03,VIXCLS,60.0
2022-11-04,VIXCLS,60.0
2022-11-07,VIXCLS,60.0
2022-11-08,VIXCLS,60.0
2022-11-09,VIXCLS,60.0
2022-11-10,VIXCLS,60.0
2022-11-11,VIXCLS,60.0
2022-11-14,VIXCLS,60.0
2022-11-15,VIXCLS,60.0
2022-11-16,VIXCLS,60.0
2022-11-17,VIXCLS,60.0
2022-11-18,VIXCLS,60.0
2022-11-21,VIXCLS,60.0
2022-11-22,VIXCLS,
2022-11-23,VIXCLS,60.0
2022-11-24,VIXCLS,60.0
2022-11-25,VIXCLS,60.0
2022-11-28,VIXCLS,60.0
2022-11-29,VIXCLS,60.0
2022-11-30,VIXCLS,60.0
2022-12-01,VIXCLS,60.0
2022-12-02,VIXCLS,60.0
2022-12-05,VIXCLS,60.0
2022-12-06,VIXCLS,60.0
2022-12-07,VIXCLS,60.0
2022-12-08,VIXCLS,60.0
2022-12-09,VIXCLS,
2022-12-12,VIXCLS,60.0
2022-12-13,VIXCLS,60.0
2022-12-14,VIXCLS,60.0
2022-12-15,VIXCLS,60.0
2022-12-16,VIXCLS,60.0
2022-12-19,VIXCLS,60.0
2022-12-20,VIXCLS,60.0
2022-12-21,VIXCLS,60.0
2022-12-22,VIXCLS,60.0
2022-12-23,VIXCLS,60.0
2022-12-26,VIXCLS,60.0
2022-12-27,VIXCLS,60.0
2022-12-28,VIXCLS,60.0
2022-12-29,VIXCLS,60.0
2022-12-30,VIXCLS,60.0
2023-01-02,VIXCLS,60.0
2023-01-03,VIXCLS,60.0
2023-01-04,VIXCLS,60.0
2023-01-05,VIXCLS,60.0
2023-01-06,VIXCLS,60.0
2023-01-09,VIXCLS,60.0
2023-01-10,VIXCLS,60.0
2023-01-11,VIXCLS,60.0
2023-01-12,VIXCLS,60.0
2023-01-13,VIXCLS,60.0
2023-01-16,VIXCLS,
2023-01-17,VIXCLS,60.0
2023-01-18,VIXCLS,60.0
2023-01-19,VIXCLS,60.0
2023-01-20,VIXCLS,60.0
2023-01-23,VIXCLS,60.0
2023-01-24,VIXCLS,60.0
2023-01-25,VIXCLS,60.0
2023-01-26,VIXCLS,60.0
2023-01-27,VIXCLS,60.0
2023-01-30,VIXCLS,60.0
2023-01-31,VIXCLS,60.0
2023-02-01,VIXCLS,60.0
2023-02-02,VIXCLS,60.0
2023-02-03,VIXCLS,60.0
2023-02-06,VIXCLS,60.0
2023-02-07,VIXCLS,60.0
2023-02-08,VIXCLS,60.0
2023-02-09,VIXCLS,60.0
2023-02-10,VIXCLS,60.0
2023-02-13,VIXCLS,60.0
2023-02-14,VIXCLS,60.0
2023-02-15,VIXCLS,60.0
2023-02-16,VIXCLS,60.0
2023-02-17,VIXCLS,60.0
2023-02-20,VIXCLS,60.0
2023-02-21,VIXCLS,60.0
2023-02-22,VIXCLS,60.0
2023-02-23,VIXCLS,60.0
2023-02-24,VIXCLS,60.0
2023-02-27,VIXCLS,60.0
2023-02-28,VIXCLS,60.0
2023-03-01,VIXCLS,60.0
2023-03-02,VIXCLS,60.0
2023-03-03,VIXCLS,60.0
2023-03-06,VIXCLS,60.0
2023-03-07,VIXCLS,60.0
2023-03-08,VIXCLS,60.0
2023-03-09,VIXCLS,60.0
2023-03-10,VIXCLS,
2023-03-13,VIXCLS,60.0
2023-03-14,VIXCLS,60.0
2023-03-15,VIXCLS,60.0
2023-03-16,VIXCLS,60.0
2023-03-17,VIXCLS,60.0
2023-03-20,VIXCLS,60.0
2023-03-21,VIXCLS,60.0
2023-03-22,VIXCLS,60.0
2023-03-23,VIXCLS,60.0
2023-03-24,VIXCLS,60.0
2023-03-27,VIXCLS,60.0
2023-03-28,VIXCLS,60.0
2023-03-29,VIXCLS,60.0
2023-03-30,VIXCLS,60.0
2023-03-31,VIXCLS,60.0
2023-04-03,VIXCLS,60.0
2023-04-04,VIXCLS,60.0
2023-04-05,VIXCLS,60.0
2023-04-06,VIXCLS,60.0
2023-04-07,VIXCLS,60.0
2023-04-10,VIXCLS,60.0
2023-04-11,VIXCLS,60.0
2023-04-12,VIXCLS,60.0
2023-04-13,VIXCLS,60.0
2023-04-14,VIXCLS,60.0
2023-04-17,VIXCLS,60.0
2023-04-18,VIXCLS,60.0
2023-04-19,VIXCLS,60.0
2023-04-20,VIXCLS,60.0
2023-04-21,VIXCLS,60.0
2023-04-24,VIXCLS,60.0
2023-04-25,VIXCLS,60.0
2023-04-26,VIXCLS,60.0
2023-04-27,VIXCLS,60.0
2023-04-28,VIXCLS,60.0
2023-05-01,VIXCLS,60.0
2023-05-02,VIXCLS,60.0
2023-05-03,VIXCLS,60.0
2023-05-04,VIXCLS,60.0
2023-05-05,VIXCLS,60.0
2023-05-08,VIXCLS,60.0
2023-05-09,VIXCLS,60.0
2023-05-10,VIXCLS,60.0
2023-05-11,VIXCLS,60.0
2023-05-12,VIXCLS,60.0
2023-05-15,VIXCLS,60.0
2023-05-16,VIXCLS,60.0
2023-05-17,VIXCLS,60.0
2023-05-18,VIXCLS,60.0
2023-05-19,VIXCLS,60.0
2023-05-22,VIXCLS,60.0
2023-05-23,VIXCLS,60.0
2023-05-24,VIXCLS,60.0
2023-05-25,VIXCLS,60.0
2023-05-26,VIXCLS,60.0
2023-05-29,VIXCLS,60.0
2023-05-30,VIXCLS,60.0
2023-05-31,VIXCLS,60.0
2023-06-01,VIXCLS,60.0
2023-06-02,VIXCLS,60.0
2023-06-05,VIXCLS,60.0
2023-06-06,VIXCLS,60.0
2023-06-07,VIXCLS,60.0
2023-06-08,VIXCLS,60.0
2023-06-09,VIXCLS,60.0
2023-06-12,VIXCLS,60.0
2023-06-13,VIXCLS,60.0
2023-06-14,VIXCLS,60.0
2023-06-15,VIXCLS,60.0
2023-06-16,VIXCLS,60.0
2023-06-19,VIXCLS,60.0
2023-06-20,VIXCLS,60.0
2023-06-21,VIXCLS,60.0
2023-06-22,VIXCLS,60.0
2023-06-23,VIXCLS,60.0
2023-06-26,VIXCLS,60.0
2023-06-27,VIXCLS,60.0
2023-06-28,VIXCLS,60.0
2023-06-29,VIXCLS,60.0
2023-06-30,VIXCLS,60.0
2023-07-03,VIXCLS,60.0
2023-07-04,VIXCLS,60.0
2023-07-05,VIXCLS,60.0
2023-07-06,VIXCLS,60.0
2023-07-07,VIXCLS,60.0
2023-07-10,VIXCLS,60.0
2023-07-11,VIXCLS,60.0
2023-07-12,VIXCLS,60.0
2023-07-13,VIXCLS,60.0
2023-07-14,VIXCLS,60.0
2023-07-17,VIXCLS,60.0
2023-07-18,VIXCLS,60.0
2023-07-19,VIXCLS,60.0
2023-07-20,VIXCLS,60.0
2023-07-21,VIXCLS,60.0
2023-07-24,VIXCLS,60.0
2023-07-25,VIXCLS,60.0
2023-07-26,VIXCLS,60.0
2023-07-27,VIXCLS,60.0
2023-07-28,VIXCLS,60.0
2023-07-31,VIXCLS,60.0
2023-08-01,VIXCLS,60.0
2023-08-02,VIXCLS,60.0
2023-08-03,VIXCLS,60.0
2023-08-04,VIXCLS,60.0
2023-08-07,VIXCLS,60.0
2023-08-08,VIXCLS,60.0
2023-08-09,VIXCLS,60.0
2023-08-10,VIXCLS,60.0
2023-08-11,VIXCLS,60.0
2023-08-14,VIXCLS,60.0
2023-08-15,VIXCLS,60.0
2023-08-16,VIXCLS,60.0
2023-08-17,VIXCLS,60.0
2023-08-18,VIXCLS,60.0
2023-08-21,VIXCLS,60.0
2023-08-22,VIXCLS,60.0
2023-08-23,VIXCLS,60.0
2023-08-24,VIXCLS,60.0
2023-08-25,VIXCLS,60.0
2023-08-28,VIXCLS,60.0
2023-08-29,VIXCLS,60.0
2023-08-30,VIXCLS,
2023-08-31,VIXCLS,60.0
2023-09-01,VIXCLS,60.0
2023-09-04,VIXCLS,60.0
2023-09-05,VIXCLS,60.0
2023-09-06,VIXCLS,60.0
2023-09-07,VIXCLS,60.0
2023-09-08,VIXCLS,60.0
2023-09-11,VIXCLS,60.0
2023-09-12,VIXCLS,60.0
2023-09-13,VIXCLS,60.0
2023-09-14,VIXCLS,60.0
2023-09-15,VIXCLS,60.0
2023-09-18,VIXCLS,60.0
2023-09-19,VIXCLS,60.0
2023-09-20,VIXCLS,60.0
2023-09-21,VIXCLS,60.0
2023-09-22,VIXCLS,60.0
2023-09-25,VIXCLS,60.0
2023-09-26,VIXCLS,60.0
2023-09-27,VIXCLS,60.0
2023-09-28,VIXCLS,60.0
2023-09-29,VIXCLS,60.0
2023-10-02,VIXCLS,60.0
2023-10-03,VIXCLS,60.0
2023-10-04,VIXCLS,60.0
2023-10-05,VIXCLS,60.0
2023-10-06,VIXCLS,60.0
2023-10-09,VIXCLS,60.0
2023-10-10,VIXCLS,60.0
2023-10-11,VIXCLS,60.0
2023-10-12,VIXCLS,60.0
2023-10-13,VIXCLS,60.0
2023-10-16,VIXCLS,60.0
2023-10-17,VIXCLS,60.0
2023-10-18,VIXCLS,60.0
2023-10-19,VIXCLS,60.0
2023-10-20,VIXCLS,60.0
2023-10-23,VIXCLS,60.0
2023-10-24,VIXCLS,60.0
2023-10-25,VIXCLS,60.0
2023-10-26,VIXCLS,60.0
2023-10-27,VIXCLS,60.0
2023-10-30,VIXCLS,60.0
2023-10-31,VIXCLS,60.0
2023-11-01,VIXCLS,60.0
2023-11-02,VIXCLS,60.0
2023-11-03,VIXCLS,60.0
2023-11-06,VIXCLS,60.0
2023-11-07,VIXCLS,60.0
2023-11-08,VIXCLS,60.0
2023-11-09,VIXCLS,60.0
2023-11-10,VIXCLS,60.0
2023-11-13,VIXCLS,60.0
2023-11-14,VIXCLS,60.0
2023-11-15,VIXCLS,60.0
2023-11-16,VIXCLS,60.0
2023-11-17,VIXCLS,60.0
2023-11-20,VIXCLS,60.0
2023-11-21,VIXCLS,60.0
2023-11-22,VIXCLS,60.0
2023-11-23,VIXCLS,60.0
2023-11-24,VIXCLS,60.0
2023-11-27,VIXCLS,60.0
2023-11-28,VIXCLS,60.0
2023-11-29,VIXCLS,60.0
2023-11-30,VIXCLS,60.0
2023-12-01,VIXCLS,60.0
2023-12-04,VIXCLS,60.0
2023-12-05,VIXCLS,60.0
2023-12-06,VIXCLS,60.0
2023-12-07,VIXCLS,60.0
2023-12-08,VIXCLS,60.0
2023-12-11,VIXCLS,60.0
2023-12-12,VIXCLS,60.0
2023-12-13,VIXCLS,60.0
2023-12-14,VIXCLS,60.0
2023-12-15,VIXCLS,60.0
2023-12-18,VIXCLS,60.0
2023-12-19,VIXCLS,60.0
2023-12-20,VIXCLS,60.0
2023-12-21,VIXCLS,60.0
2023-12-22,VIXCLS,60.0
2023-12-25,VIXCLS,60.0
2023-12-26,VIXCLS,60.0
2023-12-27,VIXCLS,60.0
2023-12-28,VIXCLS,60.0
2023-12-29,VIXCLS,60.0
2024-01-01,VIXCLS,60.0
2024-01-02,VIXCLS,60.0
2024-01-03,VIXCLS,60.0
2024-01-04,VIXCLS,60.0
2024-01-05,VIXCLS,60.0
2024-01-08,VIXCLS,60.0
2024-01-09,VIXCLS,60.0
2024-01-10,VIXCLS,60.0
2024-01-11,VIXCLS,60.0
2024-01-12,VIXCLS,60.0
2024-01-15,VIXCLS,60.0
2024-01-16,VIXCLS,60.0
2024-01-17,VIXCLS,60.0
2024-01-18,VIXCLS,60.0
2024-01-19,VIXCLS,60.0
2024-01-22,VIXCLS,60.0
2024-01-23,VIXCLS,60.0
2024-01-24,VIXCLS,60.0
2024-01-25,VIXCLS,60.0
2024-01-26,VIXCLS,60.0
2024-01-29,VIXCLS,60.0
2024-01-30,VIXCLS,60.0
2024-01-31,VIXCLS,60.0
2024-02-01,VIXCLS,60.0
2024-02-02,VIXCLS,60.0
2024-02-05,VIXCLS,60.0
2024-02-06,VIXCLS,60.0
2024-02-07,VIXCLS,60.0
2024-02-08,VIXCLS,60.0
2024-02-09,VIXCLS,60.0
2024-02-12,VIXCLS,60.0
2024-02-13,VIXCLS,60.0
2024-02-14,VIXCLS,60.0
2024-02-15,VIXCLS,60.0
2024-02-16,VIXCLS,60.0
2024-02-19,VIXCLS,60.0
2024-02-20,VIXCLS,60.0
2024-02-21,VIXCLS,60.0
2024-02-22,VIXCLS,
2024-02-23,VIXCLS,60.0
2024-02-26,VIXCLS,60.0
2024-02-27,VIXCLS,60.0
2024-02-28,VIXCLS,60.0
2024-02-29,VIXCLS,60.0
2024-03-01,VIXCLS,60.0
2024-03-04,VIXCLS,60.0
2024-03-05,VIXCLS,60.0
2024-03-06,VIXCLS,60.0
2024-03-07,VIXCLS,60.0
2024-03-08,VIXCLS,60.0
2024-03-11,VIXCLS,60.0
2024-03-12,VIXCLS,60.0
2024-03-13,VIXCLS,60.0
2024-03-14,VIXCLS,60.0
2024-03-15,VIXCLS,60.0
2024-03-18,VIXCLS,60.0
2024-03-19,VIXCLS,60.0
2024-03-20,VIXCLS,60.0
2024-03-21,VIXCLS,60.0
2024-03-22,VIXCLS,60.0
2024-03-25,VIXCLS,60.0
2024-03-26,VIXCLS,60.0
2024-03-27,VIXCLS,60.0
2024-03-28,VIXCLS,60.0
2024-03-29,VIXCLS,60.0
2024-04-01,VIXCLS,60.0
2024-04-02,VIXCLS,60.0
2024-04-03,VIXCLS,60.0
2024-04-04,VIXCLS,
2024-04-05,VIXCLS,60.0
2024-04-08,VIXCLS,60.0
2024-04-09,VIXCLS,60.0
2024-04-10,VIXCLS,60.0
2024-04-11,VIXCLS,60.0
2024-04-12,VIXCLS,60.0
2024-04-15,VIXCLS,60.0
2024-04-16,VIXCLS,60.0
2024-04-17,VIXCLS,60.0
2024-04-18,VIXCLS,60.0
2024-04-19,VIXCLS,60.0
2024-04-22,VIXCLS,60.0
2024-04-23,VIXCLS,60.0
2024-04-24,VIXCLS,60.0
2024-04-25,VIXCLS,60.0
2024-04-26,VIXCLS,60.0
2024-04-29,VIXCLS,60.0
2024-04-30,VIXCLS,60.0
2024-05-01,VIXCLS,60.0
2024-05-02,VIXCLS,60.0
2024-05-03,VIXCLS,60.0
2024-05-06,VIXCLS,60.0
2024-05-07,VIXCLS,60.0
2024-05-08,VIXCLS,60.0
2024-05-09,VIXCLS,60.0
2024-05-10,VIXCLS,60.0
2024-05-13,VIXCLS,60.0
2024-05-14,VIXCLS,60.0
2024-05-15,VIXCLS,60.0
2024-05-16,VIXCLS,60.0
2024-05-17,VIXCLS,60.0
2024-05-20,VIXCLS,60.0
2024-05-21,VIXCLS,60.0
2024-05-22,VIXCLS,60.0
2024-05-23,VIXCLS,60.0
2024-05-24,VIXCLS,60.0
2024-05-27,VIXCLS,60.0
2024-05-28,VIXCLS,60.0
2024-05-29,VIXCLS,60.0
2024-05-30,VIXCLS,60.0
2024-05-31,VIXCLS,60.0
2024-06-03,VIXCLS,60.0
2024-06-04,VIXCLS,60.0
2024-06-05,VIXCLS,60.0
2024-06-06,VIXCLS,60.0
2024-06-07,VIXCLS,60.0
2024-06-10,VIXCLS,60.0
2024-06-11,VIXCLS,60.0
2024-06-12,VIXCLS,60.0
2024-06-13,VIXCLS,60.0
2024-06-14,VIXCLS,60.0
2024-06-17,VIXCLS,60.0
2024-06-18,VIXCLS,60.0
2024-06-19,VIXCLS,60.0
2024-06-20,VIXCLS,60.0
2024-06-21,VIXCLS,60.0
2024-06-24,VIXCLS,60.0
2024-06-25,VIXCLS,60.0
2024-06-26,VIXCLS,60.0
2024-06-27,VIXCLS,60.0
2024-06-28,VIXCLS,60.0
2024-07-01,VIXCLS,60.0
2024-07-02,VIXCLS,60.0
2024-07-03,VIXCLS,
2024-07-04,VIXCLS,60.0
2024-07-05,VIXCLS,60.0
2024-07-08,VIXCLS,60.0
2024-07-09,VIXCLS,60.0
2024-07-10,VIXCLS,60.0
2024-07-11,VIXCLS,60.0
2024-07-12,VIXCLS,60.0
2024-07-15,VIXCLS,60.0
2024-07-16,VIXCLS,60.0
2024-07-17,VIXCLS,60.0
2024-07-18,VIXCLS,60.0
2024-07-19,VIXCLS,60.0
2024-07-22,VIXCLS,60.0
2024-07-23,VIXCLS,60.0
2024-07-24,VIXCLS,60.0
2024-07-25,VIXCLS,60.0
2024-07-26,VIXCLS,60.0
2024-07-29,VIXCLS,60.0
2024-07-30,VIXCLS,60.0
2024-07-31,VIXCLS,60.0
2024-08-01,VIXCLS,60.0
2024-08-02,VIXCLS,60.0
2024-08-05,VIXCLS,60.0
2024-08-06,VIXCLS,60.0
2024-08-07,VIXCLS,60.0
2024-08-08,VIXCLS,60.0
2024-08-09,VIXCLS,60.0
2024-08-12,VIXCLS,60.0
2024-08-13,VIXCLS,60.0
2024-08-14,VIXCLS,60.0
2024-08-15,VIXCLS,60.0
2024-08-16,VIXCLS,60.0
2024-08-19,VIXCLS,60.0
2024-08-20,VIXCLS,60.0
2024-08-21,VIXCLS,60.0
2024-08-22,VIXCLS,60.0
2024-08-23,VIXCLS,60.0
2024-08-26,VIXCLS,60.0
2024-08-27,VIXCLS,60.0
2024-08-28,VIXCLS,60.0
2024-08-29,VIXCLS,60.0
2024-08-30,VIXCLS,60.0
2024-09-02,VIXCLS,60.0
2024-09-03,VIXCLS,60.0
2024-09-04,VIXCLS,60.0
2024-09-05,VIXCLS,60.0
2024-09-06,VIXCLS,60.0
2024-09-09,VIXCLS,60.0
2024-09-10,VIXCLS,60.0
2024-09-11,VIXCLS,60.0
2024-09-12,VIXCLS,60.0
2024-09-13,VIXCLS,60.0
2024-09-16,VIXCLS,60.0
2024-09-17,VIXCLS,60.0
2024-09-18,VIXCLS,60.0
2024-09-19,VIXCLS,60.0
2024-09-20,VIXCLS,60.0
2024-09-23,VIXCLS,60.0
2024-09-24,VIXCLS,60.0
2024-09-25,VIXCLS,60.0
2024-09-26,VIXCLS,60.0
2024-09-27,VIXCLS,60.0
2024-09-30,VIXCLS,60.0
2024-10-01,VIXCLS,60.0
2024-10-02,VIXCLS,60.0
2024-10-03,VIXCLS,60.0
2024-10-04,VIXCLS,60.0
2024-10-07,VIXCLS,60.0
2024-10-08,VIXCLS,60.0
2024-10-09,VIXCLS,60.0
2024-10-10,VIXCLS,60.0
2024-10-11,VIXCLS,60.0
2024-10-14,VIXCLS,60.0
2024-10-15,VIXCLS,60.0
2024-10-16,VIXCLS,60.0
2024-10-17,VIXCLS,60.0
2024-10-18,VIXCLS,60.0
2024-10-21,VIXCLS,60.0
2024-10-22,VIXCLS,60.0
2024-10-23,VIXCLS,60.0
2024-10-24,VIXCLS,60.0
2024-10-25,VIXCLS,60.0
2024-10-28,VIXCLS,60.0
2024-10-29,VIXCLS,60.0
2024-10-30,VIXCLS,60.0
2024-10-31,VIXCLS,60.0
2024-11-01,VIXCLS,60.0
2024-11-04,VIXCLS,60.0
2024-11-05,VIXCLS,60.0
2024-11-06,VIXCLS,60.0
2024-11-07,VIXCLS,60.0
2024-11-08,VIXCLS,60.0
2024-11-11,VIXCLS,60.0
2024-11-12,VIXCLS,60.0
2024-11-13,VIXCLS,60.0
2024-11-14,VIXCLS,60.0
2024-11-15,VIXCLS,60.0
2024-11-18,VIXCLS,60.0
2024-11-19,VIXCLS,60.0
2024-11-20,VIXCLS,60.0
2024-11-21,VIXCLS,60.0
2024-11-22,VIXCLS,60.0
2024-11-25,VIXCLS,60.0
2024-11-26,VIXCLS,60.0
2024-11-27,VIXCLS,60.0
2024-11-28,VIXCLS,60.0
2024-11-29,VIXCLS,60.0
2024-12-02,VIXCLS,60.0
2024-12-03,VIXCLS,60.0
2024-12-04,VIXCLS,60.0
2024-12-05,VIXCLS,60.0
2024-12-06,VIXCLS,60.0
2024-12-09,VIXCLS,60.0
2024-12-10,VIXCLS,60.0
2024-12-11,VIXCLS,60.0
2024-12-12,VIXCLS,60.0
2024-12-13,VIXCLS,60.0
2024-12-16,VIXCLS,60.0
2024-12-17,VIXCLS,60.0
2024-12-18,VIXCLS,60.0
2024-12-19,VIXCLS,60.0
2024-12-20,VIXCLS,60.0
2024-12-23,VIXCLS,60.0
2024-12-24,VIXCLS,60.0
2024-12-25,VIXCLS,60.0
2024-12-26,VIXCLS,60.0
2024-12-27,VIXCLS,60.0
2024-12-30,VIXCLS,60.0
2024-12-31,VIXCLS,60.0
2025-01-01,VIXCLS,60.0
2025-01-02,VIXCLS,60.0
2025-01-03,VIXCLS,60.0
2025-01-06,VIXCLS,60.0
2025-01-07,VIXCLS,60.0
2025-01-08,VIXCLS,60.0
2025-01-09,VIXCLS,60.0
2025-01-10,VIXCLS,60.0
2025-01-13,VIXCLS,60.0
2025-01-14,VIXCLS,60.0
2025-01-15,VIXCLS,60.0
2025-01-16,VIXCLS,60.0
2025-01-17,VIXCLS,60.0
2025-01-20,VIXCLS,60.0
2025-01-21,VIXCLS,60.0
2025-01-22,VIXCLS,60.0
2025-01-23,VIXCLS,60.0
2025-01-24,VIXCLS,60.0
2025-01-27,VIXCLS,60.0
2025-01-28,VIXCLS,60.0
2025-01-29,VIXCLS,60.0
2025-01-30,VIXCLS,60.0
2025-01-31,VIXCLS,60.0
2025-02-03,VIXCLS,60.0
2025-02-04,VIXCLS,60.0
2025-02-05,VIXCLS,60.0
2025-02-06,VIXCLS,60.0
2025-02-07,VIXCLS,60.0
2025-02-10,VIXCLS,60.0
2025-02-11,VIXCLS,60.0
2025-02-12,VIXCLS,60.0
2025-02-13,VIXCLS,60.0
2025-02-14,VIXCLS,60.0
2025-02-17,VIXCLS,60.0
2025-02-18,VIXCLS,60.0
2025-02-19,VIXCLS,60.0
2025-02-20,VIXCLS,60.0
2025-02-21,VIXCLS,60.0
2025-02-24,VIXCLS,60.0
2025-02-25,VIXCLS,60.0
2025-02-26,VIXCLS,60.0
2025-02-27,VIXCLS,60.0
2025-02-28,VIXCLS,60.0
2025-03-03,VIXCLS,60.0
2025-03-04,VIXCLS,60.0
2025-03-05,VIXCLS,60.0
2025-03-06,VIXCLS,60.0
2025-03-07,VIXCLS,60.0
2025-03-10,VIXCLS,60.0
2025-03-11,VIXCLS,60.0
2025-03-12,VIXCLS,60.0
2025-03-13,VIXCLS,60.0
2025-03-14,VIXCLS,60.0
2025-03-17,VIXCLS,60.0
2025-03-18,VIXCLS,60.0
2025-03-19,VIXCLS,60.0
2025-03-20,VIXCLS,60.0
2025-03-21,VIXCLS,60.0
2025-03-24,VIXCLS,60.0
2025-03-25,VIXCLS,60.0
2025-03-26,VIXCLS,60.0
2025-03-27,VIXCLS,60.0
2025-03-28,VIXCLS,60.0
2025-03-31,VIXCLS,60.0
2025-04-01,VIXCLS,60.0
2025-04-02,VIXCLS,60.0
2025-04-03,VIXCLS,60.0
2025-04-04,VIXCLS,60.0
2025-04-07,VIXCLS,60.0
2025-04-08,VIXCLS,60.0
2025-04-09,VIXCLS,60.0
2025-04-10,VIXCLS,60.0
2025-04-11,VIXCLS,60.0
2025-04-14,VIXCLS,60.0
2025-04-15,VIXCLS,60.0
2025-04-16,VIXCLS,60.0
2025-04-17,VIXCLS,60.0
2025-04-18,VIXCLS,60.0
2025-04-21,VIXCLS,60.0
2025-04-22,VIXCLS,60.0
2025-04-23,VIXCLS,60.0
2025-04-24,VIXCLS,60.0
2025-04-25,VIXCLS,60.0
2025-04-28,VIXCLS,60.0
2025-04-29,VIXCLS,60.0
2025-04-30,VIXCLS,60.0
2025-05-01,VIXCLS,60.0
2025-05-02,VIXCLS,60.0
2025-05-05,VIXCLS,60.0
2025-05-06,VIXCLS,60.0
2025-05-07,VIXCLS,60.0
2025-05-08,VIXCLS,60.0
2025-05-09,VIXCLS,60.0
2025-05-12,VIXCLS,60.0
2025-05-13,VIXCLS,60.0
2025-05-14,VIXCLS,60.0
2025-05-15,VIXCLS,60.0
2025-05-16,VIXCLS,60.0
2025-05-19,VIXCLS,60.0
2025-05-20,VIXCLS,60.0
2025-05-21,VIXCLS,60.0
2025-05-22,VIXCLS,60.0
2025-05-23,VIXCLS,60.0
2025-05-26,VIXCLS,60.0
2025-05-27,VIXCLS,
2025-05-28,VIXCLS,60.0
2025-05-29,VIXCLS,60.0
2025-05-30,VIXCLS,60.0
2025-06-02,VIXCLS,60.0
2025-06-03,VIXCLS,60.0
2025-06-04,VIXCLS,60.0
2025-06-05,VIXCLS,60.0
2025-06-06,VIXCLS,60.0
2025-06-09,VIXCLS,60.0
2025-06-10,VIXCLS,60.0
2025-06-11,VIXCLS,60.0
2025-06-12,VIXCLS,60.0
2025-06-13,VIXCLS,
2025-06-16,VIXCLS,60.0
2025-06-17,VIXCLS,60.0
2025-06-18,VIXCLS,60.0
2025-06-19,VIXCLS,60.0
2025-06-20,VIXCLS,60.0
2025-06-23,VIXCLS,60.0
2025-06-24,VIXCLS,60.0
2025-06-25,VIXCLS,60.0
2025-06-26,VIXCLS,60.0
2025-06-27,VIXCLS,60.0
2025-06-30,VIXCLS,60.0
2025-07-01,VIXCLS,60.0
2025-07-02,VIXCLS,60.0
2025-07-03,VIXCLS,60.0
2025-07-04,VIXCLS,60.0
2025-07-07,VIXCLS,60.0
2025-07-08,VIXCLS,60.0
2025-07-09,VIXCLS,60.0
2025-07-10,VIXCLS,60.0
2025-07-11,VIXCLS,60.0
2025-07-14,VIXCLS,60.0
2025-07-15,VIXCLS,60.0
2025-07-16,VIXCLS,60.0
2025-07-17,VIXCLS,60.0
2025-07-18,VIXCLS,60.0
2025-07-21,VIXCLS,60.0
2025-07-22,VIXCLS,60.0
2025-07-23,VIXCLS,60.0
2025-07-24,VIXCLS,60.0
2025-07-25,VIXCLS,60.0
2025-07-28,VIXCLS,60.0
2025-07-29,VIXCLS,60.0
2025-07-30,VIXCLS,60.0
2025-07-31,VIXCLS,60.0
2025-08-01,VIXCLS,60.0
2025-08-04,VIXCLS,60.0
2025-08-05,VIXCLS,60.0
2025-08-06,VIXCLS,60.0
2025-08-07,VIXCLS,60.0
2025-08-08,VIXCLS,60.0
2025-08-11,VIXCLS,60.0
2025-08-12,VIXCLS,60.0
2025-08-13,VIXCLS,60.0
2025-08-14,VIXCLS,
2025-08-15,VIXCLS,60.0
2025-08-18,VIXCLS,60.0
2025-08-19,VIXCLS,60.0
2025-08-20,VIXCLS,60.0
2025-08-21,VIXCLS,60.0
2025-08-22,VIXCLS,60.0
2025-08-25,VIXCLS,60.0
2025-08-26,VIXCLS,60.0
2025-08-27,VIXCLS,60.0
2025-08-28,VIXCLS,60.0
2025-08-29,VIXCLS,60.0
2025-09-01,VIXCLS,60.0
2025-09-02,VIXCLS,60.0
2025-09-03,VIXCLS,60.0
2025-09-04,VIXCLS,60.0
2025-09-05,VIXCLS,60.0
2025-09-08,VIXCLS,60.0
2025-09-09,VIXCLS,60.0
2025-09-10,VIXCLS,60.0
2025-09-11,VIXCLS,60.0
2025-09-12,VIXCLS,60.0
2025-09-15,VIXCLS,60.0
2025-09-16,VIXCLS,60.0
2025-09-17,VIXCLS,60.0
2025-09-18,VIXCLS,60.0
2025-09-19,VIXCLS,60.0
2025-09-22,VIXCLS,60.0
2025-09-23,VIXCLS,60.0
2025-09-24,VIXCLS,60.0
2025-09-25,VIXCLS,60.0
2025-09-26,VIXCLS,60.0
2025-09-29,VIXCLS,60.0
2025-09-30,VIXCLS,60.0
2025-10-01,VIXCLS,60.0
2025-10-02,VIXCLS,60.0
2025-10-03,VIXCLS,60.0
2025-10-06,VIXCLS,60.0
2025-10-07,VIXCLS,60.0
2025-10-08,VIXCLS,60.0
2025-10-09,VIXCLS,60.0
2025-10-10,VIXCLS,60.0
2025-10-13,VIXCLS,60.0
2025-10-14,VIXCLS,60.0
2025-10-15,VIXCLS,60.0
2025-10-16,VIXCLS,60.0
2025-10-17,VIXCLS,60.0
2025-10-20,VIXCLS,60.0
2025-10-21,VIXCLS,60.0
2025-10-22,VIXCLS,60.0
2025-10-23,VIXCLS,60.0
2025-10-24,VIXCLS,60.0
2025-10-27,VIXCLS,60.0
2025-10-28,VIXCLS,60.0
2025-10-29,VIXCLS,60.0
2025-10-30,VIXCLS,60.0
2025-10-31,VIXCLS,60.0
2025-11-03,VIXCLS,60.0
2025-11-04,VIXCLS,60.0
2025-11-05,VIXCLS,
2025-11-06,VIXCLS,60.0
2025-11-07,VIXCLS,60.0
2025-11-10,VIXCLS,60.0
2025-11-11,VIXCLS,60.0
2025-11-12,VIXCLS,60.0
2025-11-13,VIXCLS,60.0
2025-11-14,VIXCLS,60.0
2025-11-17,VIXCLS,60.0
2025-11-18,VIXCLS,60.0
2025-11-19,VIXCLS,60.0
2025-11-20,VIXCLS,60.0
2025-11-21,VIXCLS,60.0
2025-11-24,VIXCLS,60.0
2025-11-25,VIXCLS,60.0
2025-11-26,VIXCLS,60.0
2025-11-27,VIXCLS,60.0
2025-11-28,VIXCLS,60.0
2025-12-01,VIXCLS,60.0
2025-12-02,VIXCLS,60.0
2025-12-03,VIXCLS,60.0
2025-12-04,VIXCLS,60.0
2025-12-05,VIXCLS,60.0
2025-12-08,VIXCLS,60.0
2025-12-09,VIXCLS,60.0
2025-12-10,VIXCLS,60.0
2025-12-11,VIXCLS,60.0
2025-12-12,VIXCLS,60.0
2025-12-15,VIXCLS,60.0
2025-12-16,VIXCLS,60.0
2025-12-17,VIXCLS,60.0
2025-12-18,VIXCLS,60.0
2025-12-19,VIXCLS,60.0
2025-12-22,VIXCLS,60.0
2025-12-23,VIXCLS,60.0
2025-12-24,VIXCLS,60.0
2025-12-25,VIXCLS,60.0
2025-12-26,VIXCLS,60.0
2025-12-29,VIXCLS,
2025-12-30,VIXCLS,60.0
2025-12-31,VIXCLS,60.0
2026-01-01,VIXCLS,60.0
2026-01-02,VIXCLS,60.0
2026-01-05,VIXCLS,60.0
2026-01-06,VIXCLS,60.0
2026-01-07,VIXCLS,60.0
2026-01-08,VIXCLS,60.0
2026-01-09,VIXCLS,60.0
2026-01-12,VIXCLS,60.0
2026-01-13,VIXCLS,60.0
2026-01-14,VIXCLS,60.0
2026-01-15,VIXCLS,60.0
2026-01-16,VIXCLS,60.0
2026-01-19,VIXCLS,60.0
2026-01-20,VIXCLS,60.0
2026-01-21,VIXCLS,60.0
2026-01-22,VIXCLS,60.0
2026-01-23,VIXCLS,60.0
2026-01-26,VIXCLS,60.0
2026-01-27,VIXCLS,60.0
2026-01-28,VIXCLS,60.0
2026-01-29,VIXCLS,60.0
2026-01-30,VIXCLS,60.0
2026-02-02,VIXCLS,60.0
2026-02-03,VIXCLS,60.0
2026-02-04,VIXCLS,60.0
2026-02-05,VIXCLS,60.0
2026-02-06,VIXCLS,60.0
2026-02-09,VIXCLS,60.0
2026-02-10,VIXCLS,60.0
2026-02-11,VIXCLS,60.0
2026-02-12,VIXCLS,60.0
2026-02-13,VIXCLS,60.0
2026-02-16,VIXCLS,60.0
2026-02-17,VIXCLS,60.0
2026-02-18,VIXCLS,60.0
2026-02-19,VIXCLS,60.0
2026-02-20,VIXCLS,60.0
2026-02-23,VIXCLS,60.0
2026-02-24,VIXCLS,60.0
2026-02-25,VIXCLS,60.0
2026-02-26,VIXCLS,60.0
2026-02-27,VIXCLS,60.0
2026-03-02,VIXCLS,60.0
2026-03-03,VIXCLS,60.0
2026-03-04,VIXCLS,60.0
2026-03-05,VIXCLS,60.0
2026-03-06,VIXCLS,60.0
2026-03-09,VIXCLS,60.0
2026-03-10,VIXCLS,60.0
2026-03-11,VIXCLS,60.0
2026-03-12,VIXCLS,60.0
2026-03-13,VIXCLS,60.0
2026-03-16,VIXCLS,60.0
2026-03-17,VIXCLS,60.0
2026-03-18,VIXCLS,60.0
2026-03-19,VIXCLS,60.0
2026-03-20,VIXCLS,60.0
2026-03-23,VIXCLS,60.0
2026-03-24,VIXCLS,60.0
2026-03-25,VIXCLS,60.0
2026-03-26,VIXCLS,60.0
2026-03-27,VIXCLS,60.0
2026-03-30,VIXCLS,60.0
2026-03-31,VIXCLS,60.0
2026-04-01,VIXCLS,60.0
2026-04-02,VIXCLS,60.0
2026-04-03,VIXCLS,60.0
2026-04-06,VIXCLS,60.0
2026-04-07,VIXCLS,60.0
2026-04-08,VIXCLS,60.0
2026-04-09,VIXCLS,60.0
2026-04-10,VIXCLS,60.0
2026-04-13,VIXCLS,60.0
2026-04-14,VIXCLS,60.0
2026-04-15,VIXCLS,60.0
2026-04-16,VIXCLS,60.0
2026-04-17,VIXCLS,60.0
2026-04-20,VIXCLS,60.0
2026-04-21,VIXCLS,60.0
2026-04-22,VIXCLS,60.0
2026-04-23,VIXCLS,60.0
2026-04-24,VIXCLS,60.0
2026-04-27,VIXCLS,60.0
2026-04-28,VIXCLS,60.0
2026-04-29,VIXCLS,60.0
2026-04-30,VIXCLS,60.0
2026-05-01,VIXCLS,60.0
2026-05-04,VIXCLS,60.0
2026-05-05,VIXCLS,60.0
2026-05-06,VIXCLS,60.0
2026-05-07,VIXCLS,60.0
2026-05-08,VIXCLS,60.0
2026-05-11,VIXCLS,60.0
2026-05-12,VIXCLS,60.0
2026-05-13,VIXCLS,60.0
2026-05-14,VIXCLS,60.0
2026-05-15,VIXCLS,60.0
2026-05-18,VIXCLS,60.0
2026-05-19,VIXCLS,60.0
2026-05-20,VIXCLS,60.0
2026-05-21,VIXCLS,60.0
2026-05-22,VIXCLS,60.0
2026-05-25,VIXCLS,60.0
2026-05-26,VIXCLS,60.0
2026-05-27,VIXCLS,60.0
2026-05-28,VIXCLS,60.0
2026-05-29,VIXCLS,60.0
2026-06-01,VIXCLS,60.0
2026-06-02,VIXCLS,60.0
2026-06-03,VIXCLS,60.0
2026-06-04,VIXCLS,60.0
2026-06-05,VIXCLS,60.0
2026-06-08,VIXCLS,60.0
2026-06-09,VIXCLS,60.0
2026-06-10,VIXCLS,60.0
2026-06-11,VIXCLS,60.0
2026-06-12,VIXCLS,60.0
2026-06-15,VIXCLS,60.0
2026-06-16,VIXCLS,60.0
2026-06-17,VIXCLS,60.0
2026-06-18,VIXCLS,60.0
2026-06-19,VIXCLS,60.0
2026-06-22,VIXCLS,60.0
2026-06-23,VIXCLS,60.0
2026-06-24,VIXCLS,60.0
2026-06-25,VIXCLS,60.0
2026-06-26,VIXCLS,60.0
2026-06-29,VIXCLS,60.0
2026-06-30,VIXCLS,60.0
2026-07-01,VIXCLS,60.0
2026-07-02,VIXCLS,60.0
2026-07-03,VIXCLS,60.0
2026-07-06,VIXCLS,60.0
2026-07-07,VIXCLS,60.0
2026-07-08,VIXCLS,60.0
2026-07-09,VIXCLS,60.0
2026-07-10,VIXCLS,60.0
2026-07-13,VIXCLS,60.0
2026-07-14,VIXCLS,60.0
2026-07-15,VIXCLS,60.0
2026-07-16,VIXCLS,60.0
2026-07-17,VIXCLS,60.0
2026-07-20,VIXCLS,60.0
2026-07-21,VIXCLS,60.0
2026-07-22,VIXCLS,
2026-07-23,VIXCLS,60.0
2026-07-24,VIXCLS,60.0
2026-07-27,VIXCLS,60.0
2026-07-28,VIXCLS,60.0
2026-07-29,VIXCLS,60.0
2026-07-30,VIXCLS,60.0
2026-07-31,VIXCLS,60.0
2026-08-03,VIXCLS,60.0
2026-08-04,VIXCLS,60.0
2026-08-05,VIXCLS,60.0
2026-08-06,VIXCLS,60.0
2026-08-07,VIXCLS,60.0
2026-08-10,VIXCLS,60.0
2026-08-11,VIXCLS,60.0
2026-08-12,VIXCLS,60.0
2026-08-13,VIXCLS,60.0
2026-08-14,VIXCLS,60.0
2026-08-17,VIXCLS,60.0
2026-08-18,VIXCLS,60.0
2026-08-19,VIXCLS,60.0
2026-08-20,VIXCLS,60.0
2026-08-21,VIXCLS,60.0
