date,strategy_cum_return,benchmark_cum_return
2025-08-28,-0.007138304881248003,0.0024627591204826604
2025-08-29,-0.02306994714774091,-0.00506157830427334
2025-09-01,-0.031074238851758085,-0.003439414698981569
2025-09-02,-0.03207731084894727,-0.008781672714723965
2025-09-03,-0.03212458603026436,-0.012778617003214032
2025-09-04,-0.016706549473486265,-0.0115333901118857
2025-09-05,-0.0473869059846731,-0.031030802009780256
2025-09-08,-0.05194006982966126,-0.034790298337327163
2025-09-09,-0.043084794522910475,-0.03680885066035444
2025-09-10,-0.06417762821800244,-0.03591132776727035
2025-09-11,-0.0643059752128402,-0.03650877091038762
2025-09-12,-0.07811928596570394,-0.040473523743656536
2025-09-15,-0.08107894243244063,-0.03765605325699439
2025-09-16,-0.06591607966224844,-0.025798978803315054
2025-09-17,-0.05617931287337585,-0.02292156188823513
2025-09-18,-0.05236001718999994,-0.013350431921708372
2025-09-19,-0.06424431514347462,-0.011147473278912523
2025-09-22,-0.052648872529154844,-0.009152810446802495
2025-09-23,-0.05020672605328913,-0.0004994245190197422
2025-09-24,-0.05600489907059525,-0.0021447828740468466
2025-09-25,-0.05416829665695977,-0.007391827304380372
2025-09-26,-0.06693463356882445,-0.014453369900925939
2025-09-29,-0.07294780367423481,-0.023538368326383452
2025-09-30,-0.06006042080950891,-0.011822030662880012
2025-10-01,-0.059445214292109694,-0.011057104808308127
2025-10-02,-0.04743798328052995,-0.007766315212771824
2025-10-03,-0.06479387962786409,-0.01811728143441782
2025-10-06,-0.05799249785757166,-0.01142727454512904
2025-10-07,-0.046758952678431887,0.0002857598382091098
2025-10-08,-0.0347128384443548,-0.003777175022525614
2025-10-09,-0.05676739240518236,0.001063066201092644
2025-10-10,-0.06798372915726114,-0.003097326149493207
2025-10-13,-0.05499307864294445,-0.0020214913486149566
2025-10-14,-0.03239180208855774,0.011361087866517128
2025-10-15,-0.030845057700936263,0.002597496339583616
2025-10-16,-0.007728573614428913,0.013565880439036393
2025-10-17,-0.00748437088390097,0.018990213127715094
2025-10-20,-0.0031573561510808146,0.013519218834401991
2025-10-21,-0.002671466273725387,0.009358280035281386
2025-10-22,-0.010790422370802077,-0.0028739350956997756
2025-10-23,-0.025621272874500556,-0.0036869765664763188
2025-10-24,-0.020895641447730706,-0.0016314382469010402
2025-10-27,-0.02332928718767302,-0.004629613914264641
2025-10-28,-0.009812945504861448,0.0037282037325554462
2025-10-29,-0.013872499895793533,0.009748033454396232
2025-10-30,-0.020535936220031026,0.0074275441675972775
2025-10-31,-0.026697368659704845,0.0057736035683566556
2025-11-03,-0.03453247893959466,0.0027352311878070523
2025-11-04,-0.03740709667208597,0.0028311514684342676
2025-11-05,-0.04291490417692956,0.015032590387139777
2025-11-06,-0.054276446831887815,0.009888106967055332
2025-11-07,-0.05746686803399015,0.009080517402186183
2025-11-10,-0.0722429750785164,0.0006214684612790844
2025-11-11,-0.0758671991899077,0.0018312537766680403
2025-11-12,-0.08538329792697119,0.0032395510179952236
2025-11-13,-0.07944156457256168,-0.001099863684913549
2025-11-14,-0.06239558327143668,0.0042691702707859935
2025-11-17,-0.07187787090477793,-0.0038109133797931127
2025-11-18,-0.0488196490845223,-0.0006165260180229781
2025-11-19,-0.04106103191135013,0.003395147791882547
2025-11-20,-0.057888959243032834,-0.006307357687640791
2025-11-21,-0.07179011056951301,0.0009454289416348516
2025-11-24,-0.08560976420858957,-0.0059335874252457455
2025-11-25,-0.08693754698613909,-0.015279581403278675
2025-11-26,-0.08436152065065183,-0.004941777984450946
2025-11-27,-0.08432600175453808,-0.006438265240618635
2025-11-28,-0.09226863996874923,-0.004665727477907167
2025-12-01,-0.08908802600289545,-0.0008219704141880779
2025-12-02,-0.08209400268640787,-0.011596575247383667
2025-12-03,-0.0854519967727918,-0.02192201781699632
2025-12-04,-0.09622583991004341,-0.028705369060891606
2025-12-05,-0.11185383053670939,-0.029400744443866533
2025-12-08,-0.10852064999993383,-0.025497649938462708
2025-12-09,-0.11657183336275623,-0.02396352806425861
2025-12-10,-0.11055467505924088,-0.03525520750675715
2025-12-11,-0.10713046386112524,-0.030130878303322062
2025-12-12,-0.09594085759427629,-0.02904522739981341
2025-12-15,-0.11030503221258048,-0.04317164921650185
2025-12-16,-0.10359067215451756,-0.042005471656698434
2025-12-17,-0.10417749079247984,-0.04070412419439162
2025-12-18,-0.08515927645155896,-0.030928172629325568
2025-12-19,-0.0790062571940926,-0.01765178614230878
2025-12-22,-0.08384576091098794,-0.013001105358889875
2025-12-23,-0.09470207417325438,-0.008074879765253451
2025-12-24,-0.10156068018290731,-0.015906894447108466
2025-12-25,-0.10880110543590316,-0.02347087356438915
2025-12-26,-0.11155931556516863,-0.019173987978703066
2025-12-29,-0.0969645856681669,-0.012865272213601342
2025-12-30,-0.10802497950266021,-0.017122982327003045
2025-12-31,-0.11105674043111546,-0.022620779510650113
2026-01-01,-0.12856129458291954,-0.03259810684009712
2026-01-02,-0.13503783271235836,-0.03546182791546859
2026-01-05,-0.14488167623292791,-0.03555274246901485
2026-01-06,-0.14930146227503027,-0.040835447564745775
2026-01-07,-0.14833278143969886,-0.037305380130497
2026-01-08,-0.15000533334992694,-0.036494317176787305
2026-01-09,-0.15688275327466938,-0.04635786666790198
2026-01-12,-0.14943034185275827,-0.05805291715888117
2026-01-13,-0.16795040133193007,-0.06026353701954967
2026-01-14,-0.15079642923135717,-0.05118747918801281
2026-01-15,-0.14396986281953283,-0.04658954208298993
2026-01-16,-0.15952588326218553,-0.0486580544048808
2026-01-19,-0.1575756375488897,-0.04873912505374611
2026-01-20,-0.14284794902707487,-0.03839182577836342
2026-01-21,-0.16341286694454926,-0.04019819804972169
2026-01-22,-0.17833048036865273,-0.04179552614132909
2026-01-23,-0.18291118668519724,-0.040384340741107194
2026-01-26,-0.180753508030562,-0.03635253316486753
2026-01-27,-0.16935764679634224,-0.029601310708542994
2026-01-28,-0.16973506853506215,-0.028850291267431327
2026-01-29,-0.16292676915204118,-0.020466962083399487
2026-01-30,-0.1414964739949035,-0.017823399310080923
2026-02-02,-0.1397869715625617,-0.018998226966678078
2026-02-03,-0.12937565718727595,-0.016245070082913204
2026-02-04,-0.11982446508786082,-0.014203507472873689
2026-02-05,-0.09376032164773829,-0.015319639634439275
2026-02-06,-0.07549403603821292,-0.020476932267123882
2026-02-09,-0.07958277252414558,-0.011053293234304928
2026-02-10,-0.0644580280207725,-0.005696832533214957
2026-02-11,-0.07956044753881775,-0.017197474224218467
2026-02-12,-0.07650419979705214,-0.015969349201830574
2026-02-13,-0.06294087761003453,-0.009826538404591578
2026-02-16,-0.03817816606989155,0.00982205657740165
2026-02-17,-0.05249173743951263,-0.00014301475856393076
2026-02-18,-0.03373839316542426,0.012472161050024466
2026-02-19,-0.03029785051622469,0.019384003097568492
2026-02-20,-0.0439343371642954,0.01445120286182311
2026-02-23,-0.049109770886142656,0.018575653488549726
2026-02-24,-0.04055848693778452,0.025599509483438254
2026-02-25,-0.04519790799351686,0.01627553582795982
2026-02-26,-0.046212636716335354,0.013570084892746248
2026-02-27,-0.05218473687264347,0.011742891016611079
2026-03-02,-0.06754814418534372,0.013330699478581787
2026-03-03,-0.0770752749019108,0.009819531489557498
2026-03-04,-0.084298696302748,0.005469127974515153
2026-03-05,-0.08276917388754446,0.008151270949013911
2026-03-06,-0.06307649009501126,0.01031955315621258
2026-03-09,-0.0544570668113874,0.006896961438042082
2026-03-10,-0.06169456504926296,0.008732069485038574
2026-03-11,-0.0696768999465146,0.016339857050189366
2026-03-12,-0.07903180067189264,0.01422083530639151
2026-03-13,-0.06793420853096999,0.01293464581082815
2026-03-16,-0.041365238002545546,0.014947621515893905
2026-03-17,-0.03882190749496772,0.01523478830882885
2026-03-18,-0.0368484737910163,0.018648651384138626
2026-03-19,-0.031711746913105854,0.020326838524692636
2026-03-20,-0.03044479511896514,0.025197523108709152
2026-03-23,-0.040412364681612245,0.03366583357027997
2026-03-24,-0.046661352342544093,0.04679689567134293
2026-03-25,-0.044025351612068775,0.04665944242933495
2026-03-26,-0.04529218616698549,0.044764617642339743
2026-03-27,-0.03776338088898179,0.03894481119568449
2026-03-30,-0.05340218493981641,0.03259193708600505
2026-03-31,-0.06393769307877484,0.039250546326660585
2026-04-01,-0.0426153372278385,0.0489512186061809
2026-04-02,-0.05108382932940636,0.048752602179435334
2026-04-03,-0.029758644992020855,0.05900152879823284
2026-04-06,-0.022434547891892143,0.06097615144651858
2026-04-07,-0.02557425010833314,0.06212381939521494
2026-04-08,-0.01391559949594201,0.06527275238423402
2026-04-09,-0.023928812479575234,0.06022471625659542
2026-04-10,-0.015699420795427743,0.06280058556425616
2026-04-13,-0.003776906438149874,0.05996616727598303
2026-04-14,-0.009646007730738093,0.06054036347541847
2026-04-15,-0.03274351372100337,0.04699467190569839
2026-04-16,-0.02063431217708067,0.0510936253596328
2026-04-17,-0.01993672103446753,0.05757497367693598
2026-04-20,-0.02139698826425851,0.054942550530172385
2026-04-21,-0.021923621045404573,0.0577038681445341
2026-04-22,-0.020728054931760775,0.05249957944698269
2026-04-23,-0.008338581009852408,0.061126630671686
2026-04-24,0.0017220376629010214,0.06173384878752386
2026-04-27,-0.0011781116867310981,0.06441995073380302
2026-04-28,-0.00023371524916515618,0.062361614892733064
2026-04-29,0.0074325515736806125,0.06491955277438621
2026-04-30,-0.00343712598688517,0.06450770077337609
2026-05-01,-0.021745568667509207,0.05604357659056247
2026-05-04,-0.03198025359684764,0.05362325067688256
2026-05-05,-0.04679653626827174,0.04779692702163274
2026-05-06,-0.053397394495341644,0.035749094616999155
2026-05-07,-0.0570139753097586,0.036214048645703434
2026-05-08,-0.05909359037345996,0.0437189783368066
2026-05-11,-0.05358651377025703,0.050334617637322276
2026-05-12,-0.06354768072026784,0.04065888919980387
2026-05-13,-0.07608058047335986,0.03137089833503848
2026-05-14,-0.07751037596634414,0.03729522085618964
2026-05-15,-0.0824510126839948,0.030224278940139016
2026-05-18,-0.07881541163180117,0.020124511568909043
2026-05-19,-0.07148280118718864,0.017395901267877045
2026-05-20,-0.08760762631400265,0.008707540895171784
2026-05-21,-0.08834339424929882,0.005729711421435191
2026-05-22,-0.07599041788621974,0.012231535979436048
2026-05-25,-0.07379653774623074,0.015470784981156172
2026-05-26,-0.08910770618376673,0.006604765202573137
2026-05-27,-0.09655680600001337,0.005058217240355045
2026-05-28,-0.09680813368357222,0.0019492456125593804
2026-05-29,-0.09585871630255827,0.00996143191086607
2026-06-01,-0.07218025166411657,0.01280496510714002
2026-06-02,-0.09287587126449204,-0.0033457982614443216
2026-06-03,-0.08998443905246656,0.004050321604638363
2026-06-04,-0.0872986772792621,0.015237750993896348
2026-06-05,-0.07301177688469385,0.03187328794365718
2026-06-08,-0.08050423696637699,0.03671888157763581
2026-06-09,-0.09137577124349727,0.026732178236948956
2026-06-10,-0.0838736873763859,0.023109620655056062
2026-06-11,-0.08098240221815423,0.01949255104330705
2026-06-12,-0.06809593915694345,0.02459916640625548
2026-06-15,-0.08466339395232625,0.014139656310834248
2026-06-16,-0.0883730016455837,0.009951311161962018
2026-06-17,-0.09180941961201239,0.00911941046640119
2026-06-18,-0.09514963906165741,0.0087185723068115
2026-06-19,-0.09958034277751782,0.01412681687564965
2026-06-22,-0.09177757255491581,0.023068514438662868
2026-06-23,-0.11396343565050415,0.016789800173283354
2026-06-24,-0.1191377551114069,0.01233276921941684
2026-06-25,-0.11412281486582843,0.012495917894837172
2026-06-26,-0.10661691347988511,0.003698197200685316
2026-06-29,-0.10967810833595415,-0.0004341000539598294
2026-06-30,-0.12318026938658999,-0.0015973982838214384
2026-07-01,-0.11813834039051241,-0.0030723712042600715
2026-07-02,-0.12710802560865742,-0.009410047718618753
2026-07-03,-0.12436652123663128,-0.010138507351623915
2026-07-06,-0.12302469197610655,0.005908008450097535
2026-07-07,-0.11507161649098374,0.0033744426088941903
2026-07-08,-0.12815051466123206,0.001441835949594461
2026-07-09,-0.12538034040686885,-0.002750595333543604
2026-07-10,-0.12422316275650014,-0.0013152992785347983
2026-07-13,-0.10713994823518325,0.003323859137535079
2026-07-14,-0.10511599029066643,0.0030827428423227943
2026-07-15,-0.09963189145789486,-0.0008383967593491581
2026-07-16,-0.09955371006488944,-0.009734940313187446
2026-07-17,-0.09761878637093457,-0.011954384642309468
2026-07-20,-0.10323826988455287,-0.012050602497317153
2026-07-21,-0.1120545787691608,-0.011599061638865926
2026-07-22,-0.11336688251447968,-0.012899938466348071
2026-07-23,-0.10788188072932459,-0.006293405567150634
2026-07-24,-0.11030392678194667,-0.0014560957474821778
